<?xml version="1.0" encoding="UTF-8"?>
<beans xmlns="http://www.springframework.org/schema/beans"
       xmlns:xsi="http://www.w3.org/2001/XMLSchema-instance"
       xmlns:aop="http://www.springframework.org/schema/aop"
       xmlns:p="http://www.springframework.org/schema/p"
       xmlns:c="http://www.springframework.org/schema/c"
       xmlns:context="http://www.springframework.org/schema/context"
       xmlns:tx="http://www.springframework.org/schema/tx"
       xsi:schemaLocation="
            http://www.springframework.org/schema/aop http://www.springframework.org/schema/aop/spring-aop.xsd
            http://www.springframework.org/schema/beans http://www.springframework.org/schema/beans/spring-beans.xsd
            http://www.springframework.org/schema/context http://www.springframework.org/schema/context/spring-context.xsd
            http://www.springframework.org/schema/tx http://www.springframework.org/schema/tx/spring-tx.xsd">
 
    <!-- MyBatis 맵퍼의 SQL 문장에 대한 파라미터 및 리턴 타입을 담을 클래스를 검색 할 패키지 지정 -->
    <bean id="sqlSessionFactory"
        class="org.mybatis.spring.SqlSessionFactoryBean">
        <property name="dataSource" ref="dataSource" />
        <property name="mapperLocations" value="classpath:mybatis/sqlmaps/*.xml" />
    </bean>
     
    <bean id="sqlSession"
        class="org.mybatis.spring.SqlSessionTemplate">
        <constructor-arg  ref="sqlSessionFactory"></constructor-arg>
    </bean>
     
    <bean id="dataSource" class="org.springframework.jdbc.datasource.SimpleDriverDataSource">
        <property name="driverClass" value="#{jdbc['jdbc.driverClass']}"/>
        <property name="url" value="#{jdbc['jdbc.url']}"/>
        <property name="username" value="#{jdbc['jdbc.username']}"/>
        <property name="password" value="#{jdbc['jdbc.password']}"/>
    </bean>
     
</beans>